,Software,Classification,,Statistics,Bioinformatics,Communication,BibliographyServices,OperatingSystems,ProgrammingLanguage,Uncertain
0,R,Unclassified,,R,BLAST,REDCAP,GOOGLE SCHOLAR,IOS,MATLAB,EXCEL
1,SPSS,Unclassified,,SPSS,PYMOL,SKYPE,SCOPUS,LINUX,NET,MEGA
2,BLAST,Unclassified,,STATA,CHIMERA,QUALTRICS,GISAID,WINDOWS,PYTHON,MUSCLE
3,EXCEL,Unclassified,,SAS,FLOWJO,GITHUB,GOOGLE TRENDS,MS,BERT,SWISS
4,STATA,Unclassified,,NVIVO,ENSEMBL,REDDIT,XGBOOST,MOE,TENSORFLOW,PHENIX
5,SAS,Unclassified,,SEURAT,BEAST,FACETIME,FASTTEXT,ROSETTA,SIMPLOT,ONE
6,MATLAB,Unclassified,,MEDCALC,MAFFT,SURVEYMONKEY,CHEMBL,,SCIKIT,MODEL
7,MEGA,Unclassified,,GRAPHPAD PRISM,CYTOSCAPE,,,,WORD2VEC,LEARN
8,GOOGLE SCHOLAR,Unclassified,,GGPLOT2,GROMACS,,,,SPARQL,CT
9,NET,Unclassified,,STATISTICAL PACKAGE FOR THE SOCIAL SCIENCES,GENEIOUS,,,,OPENMP,ARCGIS
10,SCOPUS,Unclassified,,ARIMA,GSEA,,,,ROBERTA,SAFEGRAPH
11,PYTHON,Unclassified,,,BIOEDIT,,,,SCIPY,TREE
12,GISAID,Unclassified,,,TASSER,,,,,LASSO
13,REDCAP,Unclassified,,,COOT,,,,,PROMED
14,PYMOL,Unclassified,,,MASCOT,,,,,STRING
15,GOOGLE TRENDS,Unclassified,,,GENORM,,,,,WEB
16,CHIMERA,Unclassified,,,DNASTAR,,,,,COVID
17,FLOWJO,Unclassified,,,SAMTOOLS,,,,,PRO
18,ENSEMBL,Unclassified,,,AMBER,,,,,PHYML
19,MAFFT,Unclassified,,,CHARMM,,,,,AUTO
20,BEAST,Unclassified,,,DAVID,,,,,BWA
21,CYTOSCAPE,Unclassified,,,RAXML,,,,,SHERLOCK
22,XGBOOST,Unclassified,,,MFOLD,,,,,ADAM
23,GROMACS,Unclassified,,,NEXTSTRAIN,,,,,STAR
24,GENEIOUS,Unclassified,,,VAXIJEN,,,,,ML
25,SKYPE,Unclassified,,,HADDOCK,,,,,DOCK
26,BERT,Unclassified,,,VMD,,,,,RELION
27,GSEA,Unclassified,,,IPA,,,,,
28,MUSCLE,Unclassified,,,MODELLER,,,,,
29,QUALTRICS,Unclassified,,,NORMFINDER,,,,,
30,BIOEDIT,Unclassified,,,BEPIPRED,,,,,
31,SWISS,Unclassified,,,,,,,,
32,IOS,Unclassified,,,,,,,,
33,TASSER,Unclassified,,,,,,,,
34,NVIVO,Unclassified,,,,,,,,
35,PHENIX,Unclassified,,,,,,,,
36,ONE,Unclassified,,,,,,,,
37,COOT,Unclassified,,,,,,,,
38,LINUX,Unclassified,,,,,,,,
39,TENSORFLOW,Unclassified,,,,,,,,
40,MODEL,Unclassified,,,,,,,,
41,SEURAT,Unclassified,,,,,,,,
42,SIMPLOT,Unclassified,,,,,,,,
43,MASCOT,Unclassified,,,,,,,,
44,GENORM,Unclassified,,,,,,,,
45,SCIKIT,Unclassified,,,,,,,,
46,DNASTAR,Unclassified,,,,,,,,
47,MEDCALC,Unclassified,,,,,,,,
48,WORD2VEC,Unclassified,,,,,,,,
49,SAMTOOLS,Unclassified,,,,,,,,
50,WINDOWS,Unclassified,,,,,,,,
51,GITHUB,Unclassified,,,,,,,,
52,GRAPH,Unclassified,,,,,,,,
53,LEARN,Unclassified,,,,,,,,
54,CT,Unclassified,,,,,,,,
55,MS,Unclassified,,,,,,,,
56,AMBER,Unclassified,,,,,,,,
57,SPARQL,Unclassified,,,,,,,,
58,GGPLOT2,Unclassified,,,,,,,,
59,ARCGIS,Unclassified,,,,,,,,
60,SAFEGRAPH,Unclassified,,,,,,,,
61,CHARMM,Unclassified,,,,,,,,
62,TREE,Unclassified,,,,,,,,
63,REDDIT,Unclassified,,,,,,,,
64,LASSO,Unclassified,,,,,,,,
65,PROMED,Unclassified,,,,,,,,
66,MOE,Unclassified,,,,,,,,
67,STRING,Unclassified,,,,,,,,
68,DAVID,Unclassified,,,,,,,,
69,RAXML,Unclassified,,,,,,,,
70,WEB,Unclassified,,,,,,,,
71,COVID,Unclassified,,,,,,,,
72,PRO,Unclassified,,,,,,,,
73,PHYML,Unclassified,,,,,,,,
74,ROSETTA,Unclassified,,,,,,,,
75,FACETIME,Unclassified,,,,,,,,
76,OPENMP,Unclassified,,,,,,,,
77,AUTO,Unclassified,,,,,,,,
78,BWA,Unclassified,,,,,,,,
79,MFOLD,Unclassified,,,,,,,,
80,NEXTSTRAIN,Unclassified,,,,,,,,
81,SHERLOCK,Unclassified,,,,,,,,
82,VAXIJEN,Unclassified,,,,,,,,
83,ADAM,Unclassified,,,,,,,,
84,STAR,Unclassified,,,,,,,,
85,ML,Unclassified,,,,,,,,
86,HADDOCK,Unclassified,,,,,,,,
87,FASTTEXT,Unclassified,,,,,,,,
88,VMD,Unclassified,,,,,,,,
89,STATISTICAL PACKAGE FOR THE SOCIAL SCIENCES,Unclassified,,,,,,,,
90,IPA,Unclassified,,,,,,,,
91,MODELLER,Unclassified,,,,,,,,
92,ARIMA,Unclassified,,,,,,,,
93,ROBERTA,Unclassified,,,,,,,,
94,DOCK,Unclassified,,,,,,,,
95,NORMFINDER,Unclassified,,,,,,,,
96,SURVEYMONKEY,Unclassified,,,,,,,,
97,BEPIPRED,Unclassified,,,,,,,,
98,RELION,Unclassified,,,,,,,,
99,SCIPY,Unclassified,,,,,,,,
100,CHEMBL,Unclassified,,,,,,,,
101,COQ,Unclassified,,,,,,,,
102,EPI,Unclassified,,,,,,,,
103,INCEPTION,Unclassified,,,,,,,,
104,LIMMA,Unclassified,,,,,,,,
105,OVID,Unclassified,,,,,,,,
106,MOODLE,Unclassified,,,,,,,,
107,VOSVIEWER,Unclassified,,,,,,,,
108,TRUMP,Unclassified,,,,,,,,
109,PYTORCH,Unclassified,,,,,,,,
110,MTURK,Unclassified,,,,,,,,
111,SPARK,Unclassified,,,,,,,,
112,BIOCONDUCTOR,Unclassified,,,,,,,,
113,PROCHECK,Unclassified,,,,,,,,
114,EPIC,Unclassified,,,,,,,,
115,SQL,Unclassified,,,,,,,,
116,ETHEREUM,Unclassified,,,,,,,,
117,POWER,Unclassified,,,,,,,,
118,CNN,Unclassified,,,,,,,,
119,KERAS,Unclassified,,,,,,,,
120,BIO,Unclassified,,,,,,,,
121,HEALTHMAP,Unclassified,,,,,,,,
122,IQ,Unclassified,,,,,,,,
123,CAM,Unclassified,,,,,,,,
124,DOCKER,Unclassified,,,,,,,,
125,MAESTRO,Unclassified,,,,,,,,
126,MRBAYES,Unclassified,,,,,,,,
127,NETMHCPAN,Unclassified,,,,,,,,
128,GENEXPERT,Unclassified,,,,,,,,
129,BIOBERT,Unclassified,,,,,,,,
130,CATBOOST,Unclassified,,,,,,,,
131,PREDICT,Unclassified,,,,,,,,
132,TMHMM,Unclassified,,,,,,,,
133,SMART,Unclassified,,,,,,,,
134,REVIEW MANAGER,Unclassified,,,,,,,,
135,WIKIDATA,Unclassified,,,,,,,,
136,MEGALIGN,Unclassified,,,,,,,,
137,STATISTICA,Unclassified,,,,,,,,
138,UMAP,Unclassified,,,,,,,,
139,BOOTSCAN,Unclassified,,,,,,,,
140,MOLPROBITY,Unclassified,,,,,,,,
141,ANALYSIS,Unclassified,,,,,,,,
142,MMPBSA,Unclassified,,,,,,,,
143,OPEN,Unclassified,,,,,,,,
144,EPIESTIM,Unclassified,,,,,,,,
145,VR,Unclassified,,,,,,,,
146,GOOGLE MAPS,Unclassified,,,,,,,,
147,FIJI,Unclassified,,,,,,,,
148,ELMO,Unclassified,,,,,,,,
149,SE,Unclassified,,,,,,,,
150,MAXQUANT,Unclassified,,,,,,,,
151,PSI,Unclassified,,,,,,,,
152,TRIMMOMATIC,Unclassified,,,,,,,,
153,GLOVE,Unclassified,,,,,,,,
154,GALAXY,Unclassified,,,,,,,,
155,REVMAN,Unclassified,,,,,,,,
156,EDGER,Unclassified,,,,,,,,
157,GRAD,Unclassified,,,,,,,,
158,JMP,Unclassified,,,,,,,,
159,CUDA,Unclassified,,,,,,,,
160,GPT,Unclassified,,,,,,,,
161,TELENP,Unclassified,,,,,,,,
162,IDSEQ,Unclassified,,,,,,,,
163,OPENSAFELY,Unclassified,,,,,,,,
164,PAUP,Unclassified,,,,,,,,
165,ENRICHR,Unclassified,,,,,,,,
166,EMBASE,Unclassified,,,,,,,,
167,CLC GENOMICS WORKBENCH,Unclassified,,,,,,,,
168,MPI,Unclassified,,,,,,,,
169,POLYMOD,Unclassified,,,,,,,,
170,PUBMED,Unclassified,,,,,,,,
171,FIGTREE,Unclassified,,,,,,,,
172,ENDNOTE,Unclassified,,,,,,,,
173,DA,Unclassified,,,,,,,,
174,PHYLIP,Unclassified,,,,,,,,
175,DEEPRC,Unclassified,,,,,,,,
176,GENASM,Unclassified,,,,,,,,
177,MICROSOFT TEAMS,Unclassified,,,,,,,,
178,COV,Unclassified,,,,,,,,
179,SPADES,Unclassified,,,,,,,,
180,IDEA,Unclassified,,,,,,,,
181,UBER,Unclassified,,,,,,,,
182,TIKTOK,Unclassified,,,,,,,,
183,NUMPY,Unclassified,,,,,,,,
184,RDP,Unclassified,,,,,,,,
185,META,Unclassified,,,,,,,,
186,SIM,Unclassified,,,,,,,,
187,MM,Unclassified,,,,,,,,
188,COCHRANE,Unclassified,,,,,,,,
189,XCEPTION,Unclassified,,,,,,,,
190,AI,Unclassified,,,,,,,,
191,MINIMAP2,Unclassified,,,,,,,,
192,WEBEX,Unclassified,,,,,,,,
193,MYSQL,Unclassified,,,,,,,,
194,PROTPARAM,Unclassified,,,,,,,,
195,PAML,Unclassified,,,,,,,,
196,IMARIS,Unclassified,,,,,,,,
197,VIGOR,Unclassified,,,,,,,,
198,JAVA,Unclassified,,,,,,,,
199,DEMATEL,Unclassified,,,,,,,,
200,DELPHI,Unclassified,,,,,,,,
201,POCUS,Unclassified,,,,,,,,
202,NAMD,Unclassified,,,,,,,,
203,CO,Unclassified,,,,,,,,
204,PROSA,Unclassified,,,,,,,,
205,SWISSADME,Unclassified,,,,,,,,
206,JUPYTER,Unclassified,,,,,,,,
207,STAT,Unclassified,,,,,,,,
208,ALEXNET,Unclassified,,,,,,,,
209,MCDA,Unclassified,,,,,,,,
210,MEME,Unclassified,,,,,,,,
211,FLUENT,Unclassified,,,,,,,,
212,PANTHER,Unclassified,,,,,,,,
213,CLUSPRO,Unclassified,,,,,,,,
214,LASERGENE,Unclassified,,,,,,,,
215,RNAFOLD,Unclassified,,,,,,,,
216,MEGA6,Unclassified,,,,,,,,
217,MEGA7,Unclassified,,,,,,,,
218,[UNK],Unclassified,,,,,,,,
219,CORE,Unclassified,,,,,,,,
220,MPLUS,Unclassified,,,,,,,,
221,LAB,Unclassified,,,,,,,,
222,FITBIT,Unclassified,,,,,,,,
223,SIGMAPLOT,Unclassified,,,,,,,,
224,MOBILENET,Unclassified,,,,,,,,
225,MATHEMATICA,Unclassified,,,,,,,,
226,ABCPRED,Unclassified,,,,,,,,
227,PANDAS,Unclassified,,,,,,,,
228,QIIME,Unclassified,,,,,,,,
229,LIGPREP,Unclassified,,,,,,,,
230,AMOS,Unclassified,,,,,,,,
231,REFMAC,Unclassified,,,,,,,,
232,BESTKEEPER,Unclassified,,,,,,,,
233,APACHE,Unclassified,,,,,,,,
234,ME,Unclassified,,,,,,,,
235,GOOGLENET,Unclassified,,,,,,,,
236,ELLIPRO,Unclassified,,,,,,,,
237,IEDB,Unclassified,,,,,,,,
238,ESSENCE,Unclassified,,,,,,,,
239,NOSQL,Unclassified,,,,,,,,
240,FILMARRAY,Unclassified,,,,,,,,
241,CELLRANGER,Unclassified,,,,,,,,
242,BIOPORTAL,Unclassified,,,,,,,,
243,HADOOP,Unclassified,,,,,,,,
244,GAN,Unclassified,,,,,,,,
245,ACCESS,Unclassified,,,,,,,,
246,FASTA,Unclassified,,,,,,,,
247,SIGNALP,Unclassified,,,,,,,,
248,SEQ,Unclassified,,,,,,,,
249,MED,Unclassified,,,,,,,,
250,LAMP,Unclassified,,,,,,,,
251,CELLQUEST,Unclassified,,,,,,,,
252,PLINK,Unclassified,,,,,,,,
253,MATPLOTLIB,Unclassified,,,,,,,,
254,TARGETSCAN,Unclassified,,,,,,,,
255,SCRIPT,Unclassified,,,,,,,,
256,GNOMAD,Unclassified,,,,,,,,
257,PROLIFIC,Unclassified,,,,,,,,
258,COVASIM,Unclassified,,,,,,,,
259,TI,Unclassified,,,,,,,,
260,PY,Unclassified,,,,,,,,
261,OPLS,Unclassified,,,,,,,,
262,ORIGIN,Unclassified,,,,,,,,
263,MARPLE,Unclassified,,,,,,,,
264,AVIDA,Unclassified,,,,,,,,
265,GAEN,Unclassified,,,,,,,,
266,QUEST,Unclassified,,,,,,,,
267,COMP,Unclassified,,,,,,,,
268,MOBILENETV2,Unclassified,,,,,,,,
269,MODERNA,Unclassified,,,,,,,,
270,MR,Unclassified,,,,,,,,
271,POLYPHEN,Unclassified,,,,,,,,
272,COVIDNET,Unclassified,,,,,,,,
273,SAM,Unclassified,,,,,,,,
274,GENECONV,Unclassified,,,,,,,,
275,EXPASY,Unclassified,,,,,,,,
276,IWASH,Unclassified,,,,,,,,
277,CCP4,Unclassified,,,,,,,,
278,MEM,Unclassified,,,,,,,,
279,3D,Unclassified,,,,,,,,
280,JALVIEW,Unclassified,,,,,,,,
281,NETCTL,Unclassified,,,,,,,,
282,CRYOSPARC,Unclassified,,,,,,,,
283,SP,Unclassified,,,,,,,,
284,GBSA,Unclassified,,,,,,,,
285,YOLO,Unclassified,,,,,,,,
286,AMSTAR,Unclassified,,,,,,,,
287,PERL,Unclassified,,,,,,,,
288,WEKA,Unclassified,,,,,,,,
289,SPIKE,Unclassified,,,,,,,,
290,ALIGN,Unclassified,,,,,,,,
291,GRADE,Unclassified,,,,,,,,
292,VAXIGN,Unclassified,,,,,,,,
293,MINION,Unclassified,,,,,,,,
294,NETNGLYC,Unclassified,,,,,,,,
295,PSIPRED,Unclassified,,,,,,,,
296,UNET,Unclassified,,,,,,,,
297,MASK,Unclassified,,,,,,,,
298,GLIDE,Unclassified,,,,,,,,
299,AIED,Unclassified,,,,,,,,
300,GIS,Unclassified,,,,,,,,
301,SOME,Unclassified,,,,,,,,
302,NODE2VEC,Unclassified,,,,,,,,
303,METATRYP,Unclassified,,,,,,,,
304,DALI,Unclassified,,,,,,,,
305,CANVAS,Unclassified,,,,,,,,
306,FAST,Unclassified,,,,,,,,
307,HYPERDOCS,Unclassified,,,,,,,,
308,MAST,Unclassified,,,,,,,,
309,ZCURVE,Unclassified,,,,,,,,
310,BING,Unclassified,,,,,,,,
311,WGCNA,Unclassified,,,,,,,,
312,PYRX,Unclassified,,,,,,,,
313,CAP,Unclassified,,,,,,,,
314,SVM,Unclassified,,,,,,,,
315,BIOSENSE,Unclassified,,,,,,,,
316,YASARA,Unclassified,,,,,,,,
317,GOLD,Unclassified,,,,,,,,
318,GEN,Unclassified,,,,,,,,
319,MAPPER,Unclassified,,,,,,,,
320,WOS,Unclassified,,,,,,,,
321,SLACK,Unclassified,,,,,,,,
322,ATLAS,Unclassified,,,,,,,,
323,SIFT,Unclassified,,,,,,,,
324,STATS,Unclassified,,,,,,,,
325,SATSCAN,Unclassified,,,,,,,,
326,NEURO,Unclassified,,,,,,,,
327,SCIBERT,Unclassified,,,,,,,,
328,LME4,Unclassified,,,,,,,,
329,SMOTE,Unclassified,,,,,,,,
330,NETFLIX,Unclassified,,,,,,,,
331,EMBOSS,Unclassified,,,,,,,,
332,COSINGAN,Unclassified,,,,,,,,
333,GO,Unclassified,,,,,,,,
334,MEGAN,Unclassified,,,,,,,,
335,GEPHI,Unclassified,,,,,,,,
336,CITESPACE,Unclassified,,,,,,,,
337,DATA,Unclassified,,,,,,,,
338,LIGPLOT,Unclassified,,,,,,,,
339,AUTOML,Unclassified,,,,,,,,
340,MC,Unclassified,,,,,,,,
341,ALLOY,Unclassified,,,,,,,,
342,PATCHDOCK,Unclassified,,,,,,,,
343,INTERCEPT,Unclassified,,,,,,,,
344,PLS,Unclassified,,,,,,,,
345,ARDUINO,Unclassified,,,,,,,,
346,CYTOF,Unclassified,,,,,,,,
347,PROQUEST,Unclassified,,,,,,,,
348,POSTGRESQL,Unclassified,,,,,,,,
349,BLACKBOARD,Unclassified,,,,,,,,
350,BIONJ,Unclassified,,,,,,,,
351,SKLEARN,Unclassified,,,,,,,,
352,GAVI,Unclassified,,,,,,,,
353,VADR,Unclassified,,,,,,,,
354,REACTOME,Unclassified,,,,,,,,
355,3SEQ,Unclassified,,,,,,,,
356,STAN,Unclassified,,,,,,,,
357,RDP4,Unclassified,,,,,,,,
358,BIACORE,Unclassified,,,,,,,,
359,MAXCHI,Unclassified,,,,,,,,
360,TRINETX,Unclassified,,,,,,,,
361,ERRAT,Unclassified,,,,,,,,
362,IN,Unclassified,,,,,,,,
363,RNA,Unclassified,,,,,,,,
364,OPENSTREETMAP,Unclassified,,,,,,,,
365,CACOFOLD,Unclassified,,,,,,,,
366,PEP,Unclassified,,,,,,,,
367,SNOMED,Unclassified,,,,,,,,
368,ECLIPSE,Unclassified,,,,,,,,
369,PERCH,Unclassified,,,,,,,,
370,IT,Unclassified,,,,,,,,
371,FINTECH,Unclassified,,,,,,,,
372,PSO,Unclassified,,,,,,,,
373,FASTTREE,Unclassified,,,,,,,,
374,SCHRÖDINGER,Unclassified,,,,,,,,
375,BCFTOOLS,Unclassified,,,,,,,,
376,WAVE,Unclassified,,,,,,,,
377,SYBYL,Unclassified,,,,,,,,
378,DISMOD,Unclassified,,,,,,,,
379,SIMEX,Unclassified,,,,,,,,
380,TREEANNOTATOR,Unclassified,,,,,,,,
381,REMAP,Unclassified,,,,,,,,
382,MEGA5,Unclassified,,,,,,,,
383,SEQUENCHER,Unclassified,,,,,,,,
384,RE,Unclassified,,,,,,,,
385,ISABELLE,Unclassified,,,,,,,,
386,GOARN,Unclassified,,,,,,,,
387,PROTEOME DISCOVERER,Unclassified,,,,,,,,
388,VIPR,Unclassified,,,,,,,,
389,HMMER,Unclassified,,,,,,,,
390,SEQMAN,Unclassified,,,,,,,,
391,PERMANOVA,Unclassified,,,,,,,,
392,QGIS,Unclassified,,,,,,,,
393,CROSSFIT,Unclassified,,,,,,,,
394,ZEN,Unclassified,,,,,,,,
395,XQUERY,Unclassified,,,,,,,,
396,HHPRED,Unclassified,,,,,,,,
397,GA,Unclassified,,,,,,,,
398,CD,Unclassified,,,,,,,,
399,RT,Unclassified,,,,,,,,
400,TM,Unclassified,,,,,,,,
401,SNAPCHAT,Unclassified,,,,,,,,
402,CPLEX,Unclassified,,,,,,,,
403,SURVEY MONKEY,Unclassified,,,,,,,,
404,GAUSSIAN,Unclassified,,,,,,,,
405,CODEML,Unclassified,,,,,,,,
406,ZDOCK,Unclassified,,,,,,,,
407,EDTECH,Unclassified,,,,,,,,
408,JS,Unclassified,,,,,,,,
409,CUTADAPT,Unclassified,,,,,,,,
410,RECOVERY,Unclassified,,,,,,,,
411,RAMPAGE,Unclassified,,,,,,,,
412,RNASTRUCTURE,Unclassified,,,,,,,,
413,TRINITY,Unclassified,,,,,,,,
414,FASTVIROMEEXPLORER,Unclassified,,,,,,,,
415,COVIDSAFE,Unclassified,,,,,,,,
416,NETLOGO,Unclassified,,,,,,,,
417,LOFREQ,Unclassified,,,,,,,,
418,UNITY,Unclassified,,,,,,,,
419,MIRANDA,Unclassified,,,,,,,,
420,IOMT,Unclassified,,,,,,,,
421,VELVET,Unclassified,,,,,,,,
422,SIR,Unclassified,,,,,,,,
423,PRED,Unclassified,,,,,,,,
424,COM,Unclassified,,,,,,,,
425,MONGODB,Unclassified,,,,,,,,
426,LABVIEW,Unclassified,,,,,,,,
427,ALLERTOP,Unclassified,,,,,,,,
428,MOEA,Unclassified,,,,,,,,
429,CLUSTERPROFILER,Unclassified,,,,,,,,
430,METASCAPE,Unclassified,,,,,,,,
431,FLOW,Unclassified,,,,,,,,
432,GUI,Unclassified,,,,,,,,
433,DIAMOND,Unclassified,,,,,,,,
434,HYPHY,Unclassified,,,,,,,,
435,CUFFLINKS,Unclassified,,,,,,,,
436,PROTECT,Unclassified,,,,,,,,
437,COVACTA,Unclassified,,,,,,,,
438,DBSCAN,Unclassified,,,,,,,,
439,VIRSCAN,Unclassified,,,,,,,,
440,RESPIFINDER,Unclassified,,,,,,,,
441,FLEXX,Unclassified,,,,,,,,
442,ALBA,Unclassified,,,,,,,,
443,GATK,Unclassified,,,,,,,,
444,CONSORT,Unclassified,,,,,,,,
445,SAGE,Unclassified,,,,,,,,
446,PHMON,Unclassified,,,,,,,,
447,INCEPTIONV3,Unclassified,,,,,,,,
448,FACSDIVA,Unclassified,,,,,,,,
449,OPENFOAM,Unclassified,,,,,,,,
450,METAPHLAN,Unclassified,,,,,,,,
451,NUPACK,Unclassified,,,,,,,,
452,DATAMONKEY,Unclassified,,,,,,,,
453,EUROMOMO,Unclassified,,,,,,,,
454,SCIENCE,Unclassified,,,,,,,,
455,REGTECH,Unclassified,,,,,,,,
456,PHYRE2,Unclassified,,,,,,,,
457,JULIA,Unclassified,,,,,,,,
458,TENCENT,Unclassified,,,,,,,,
459,TROLLHUNTER,Unclassified,,,,,,,,
460,GOOGLE MEET,Unclassified,,,,,,,,
461,MINITAB,Unclassified,,,,,,,,
462,PRODIGY,Unclassified,,,,,,,,
463,LIGHTGBM,Unclassified,,,,,,,,
464,SIDARTHE,Unclassified,,,,,,,,
465,STRUCTURE,Unclassified,,,,,,,,
466,IMPACT,Unclassified,,,,,,,,
467,BEST,Unclassified,,,,,,,,
468,SYSTAT,Unclassified,,,,,,,,
469,PANCAST,Unclassified,,,,,,,,
470,FOLDX,Unclassified,,,,,,,,
471,CREDIT,Unclassified,,,,,,,,
472,AIM,Unclassified,,,,,,,,
473,MAIL,Unclassified,,,,,,,,
474,COVAX,Unclassified,,,,,,,,
475,MAPREDUCE,Unclassified,,,,,,,,
476,KAGGLE,Unclassified,,,,,,,,
477,RNASEQ,Unclassified,,,,,,,,
478,AFFYMETRIX,Unclassified,,,,,,,,
479,PUFFALIGNER,Unclassified,,,,,,,,
480,FOLD,Unclassified,,,,,,,,
481,MAS,Unclassified,,,,,,,,
482,TOPSIS,Unclassified,,,,,,,,
483,FT,Unclassified,,,,,,,,
484,MULTI,Unclassified,,,,,,,,
485,ID,Unclassified,,,,,,,,
486,HAPHPIPE,Unclassified,,,,,,,,
487,COVIDENCE,Unclassified,,,,,,,,
488,GAP,Unclassified,,,,,,,,
489,UTAUT,Unclassified,,,,,,,,
490,DISCOTOPE,Unclassified,,,,,,,,
491,SDS,Unclassified,,,,,,,,
492,QIKPROP,Unclassified,,,,,,,,
493,MYCHART,Unclassified,,,,,,,,
494,NETMHC,Unclassified,,,,,,,,
495,WORD,Unclassified,,,,,,,,
496,TIDYVERSE,Unclassified,,,,,,,,
497,DP,Unclassified,,,,,,,,
498,IMMSIM,Unclassified,,,,,,,,
499,PKNOTS,Unclassified,,,,,,,,
500,COVIDSIMVL,Unclassified,,,,,,,,
501,QMEAN,Unclassified,,,,,,,,
502,TOPHAT,Unclassified,,,,,,,,
503,SNAP,Unclassified,,,,,,,,
504,ACT,Unclassified,,,,,,,,
505,SCANPY,Unclassified,,,,,,,,
506,PROB,Unclassified,,,,,,,,
507,MAXENT,Unclassified,,,,,,,,
508,XAI,Unclassified,,,,,,,,
509,EM,Unclassified,,,,,,,,
510,MEGABLAST,Unclassified,,,,,,,,
511,HIT,Unclassified,,,,,,,,
512,STATISTA,Unclassified,,,,,,,,
513,ROBINS,Unclassified,,,,,,,,
514,SCALA,Unclassified,,,,,,,,
515,NETMHCIIPAN,Unclassified,,,,,,,,
516,EFFICIENTNET,Unclassified,,,,,,,,
517,SEIR,Unclassified,,,,,,,,
518,GITLAB,Unclassified,,,,,,,,
519,CLUEGO,Unclassified,,,,,,,,
520,CDSS,Unclassified,,,,,,,,
521,PANGOLIN,Unclassified,,,,,,,,
522,FLAME,Unclassified,,,,,,,,
523,USHER,Unclassified,,,,,,,,
524,CARE,Unclassified,,,,,,,,
525,HAEPG,Unclassified,,,,,,,,
526,MP,Unclassified,,,,,,,,
527,PKNOTSRG,Unclassified,,,,,,,,
528,PSYCAP,Unclassified,,,,,,,,
529,MBERT,Unclassified,,,,,,,,
530,HYPERLEDGER,Unclassified,,,,,,,,
531,PASS,Unclassified,,,,,,,,
532,GOOGLE TRANSLATE,Unclassified,,,,,,,,
533,INSEP,Unclassified,,,,,,,,
534,HAPLOVIEW,Unclassified,,,,,,,,
535,PARADE,Unclassified,,,,,,,,
536,RAPTORX,Unclassified,,,,,,,,
537,RED,Unclassified,,,,,,,,
538,TMPRED,Unclassified,,,,,,,,
539,ED,Unclassified,,,,,,,,
540,GLEAM,Unclassified,,,,,,,,
541,CONE,Unclassified,,,,,,,,
542,MASS,Unclassified,,,,,,,,
543,CLAN,Unclassified,,,,,,,,
544,DEEP,Unclassified,,,,,,,,
545,ATT,Unclassified,,,,,,,,
546,HEALTHWISE,Unclassified,,,,,,,,
547,RESNET,Unclassified,,,,,,,,
548,CHEXNET,Unclassified,,,,,,,,
549,OPENCV,Unclassified,,,,,,,,
550,TEMPEST,Unclassified,,,,,,,,
551,ABC,Unclassified,,,,,,,,
552,MONOBERT,Unclassified,,,,,,,,
553,HEALTH,Unclassified,,,,,,,,
554,ISTAT,Unclassified,,,,,,,,
555,COMSIA,Unclassified,,,,,,,,
556,DEAL,Unclassified,,,,,,,,
557,CYCLEGAN,Unclassified,,,,,,,,
558,PLUS,Unclassified,,,,,,,,
559,ROS,Unclassified,,,,,,,,
560,MOSSAD,Unclassified,,,,,,,,
561,EPIMATRIX,Unclassified,,,,,,,,
562,NODE,Unclassified,,,,,,,,
563,COCONUT,Unclassified,,,,,,,,
564,INSPIRE,Unclassified,,,,,,,,
565,HOUSE,Unclassified,,,,,,,,
566,LDA,Unclassified,,,,,,,,
567,BEDTOOLS,Unclassified,,,,,,,,
568,SURFLEX,Unclassified,,,,,,,,
569,PONDR,Unclassified,,,,,,,,
570,HISAT2,Unclassified,,,,,,,,
571,VAPID,Unclassified,,,,,,,,
572,GENE,Unclassified,,,,,,,,
573,APE,Unclassified,,,,,,,,
574,MACOS,Unclassified,,,,,,,,
575,SPACY,Unclassified,,,,,,,,
576,CPPTRAJ,Unclassified,,,,,,,,
577,VADER,Unclassified,,,,,,,,
578,GOOGLE CLASSROOM,Unclassified,,,,,,,,
579,GPS,Unclassified,,,,,,,,
580,SMARTPLS,Unclassified,,,,,,,,
581,SEQUEST,Unclassified,,,,,,,,
582,KNIME,Unclassified,,,,,,,,
583,SPRINT,Unclassified,,,,,,,,
584,SPINE,Unclassified,,,,,,,,
585,CUT,Unclassified,,,,,,,,
586,GOOGLE EARTH,Unclassified,,,,,,,,
587,FOURSQUARE,Unclassified,,,,,,,,
588,SNOW,Unclassified,,,,,,,,
589,KINECT,Unclassified,,,,,,,,
590,GPHIN,Unclassified,,,,,,,,
591,ELM,Unclassified,,,,,,,,
592,SQUID,Unclassified,,,,,,,,
593,SOM,Unclassified,,,,,,,,
594,GALAXYREFINE,Unclassified,,,,,,,,
595,MEGA4,Unclassified,,,,,,,,
596,COMFA,Unclassified,,,,,,,,
597,VB,Unclassified,,,,,,,,
598,SMARTBUY,Unclassified,,,,,,,,
599,TS,Unclassified,,,,,,,,
600,SPOT,Unclassified,,,,,,,,
601,AR,Unclassified,,,,,,,,
602,FIT,Unclassified,,,,,,,,
603,KALLISTO,Unclassified,,,,,,,,
604,MARIO,Unclassified,,,,,,,,
605,IQTREE,Unclassified,,,,,,,,
606,TREEVIEW,Unclassified,,,,,,,,
607,CHARMM36,Unclassified,,,,,,,,
608,PINTEREST,Unclassified,,,,,,,,
609,RSEM,Unclassified,,,,,,,,
610,PROC,Unclassified,,,,,,,,
611,RAST,Unclassified,,,,,,,,
612,BREXIT,Unclassified,,,,,,,,
613,SCAN,Unclassified,,,,,,,,
614,POWERPOINT,Unclassified,,,,,,,,
615,SMILES,Unclassified,,,,,,,,
616,METAMORPH,Unclassified,,,,,,,,
617,ES,Unclassified,,,,,,,,
618,HKL2000,Unclassified,,,,,,,,
619,DOCTOR,Unclassified,,,,,,,,
620,LITCOVID,Unclassified,,,,,,,,
621,WEBLOGO,Unclassified,,,,,,,,
622,QUADAS,Unclassified,,,,,,,,
623,INTERPROSCAN,Unclassified,,,,,,,,
624,VISTA,Unclassified,,,,,,,,
625,SYNPLOT2,Unclassified,,,,,,,,
626,DEEPWALK,Unclassified,,,,,,,,
627,INFO,Unclassified,,,,,,,,
628,CASTP,Unclassified,,,,,,,,
629,ARLEQUIN,Unclassified,,,,,,,,
630,GOOGLE PLAY,Unclassified,,,,,,,,
631,RADS,Unclassified,,,,,,,,
632,REAL,Unclassified,,,,,,,,
633,CAR,Unclassified,,,,,,,,
634,GILEAD,Unclassified,,,,,,,,
635,STOPCOVID,Unclassified,,,,,,,,
636,SEQ2SEQ,Unclassified,,,,,,,,
637,CONSURF,Unclassified,,,,,,,,
638,ONT,Unclassified,,,,,,,,
639,FEDAVG,Unclassified,,,,,,,,
640,RANDOM,Unclassified,,,,,,,,
641,DNASP,Unclassified,,,,,,,,
642,RANDOMFOREST,Unclassified,,,,,,,,
643,TWIRLS,Unclassified,,,,,,,,
644,MAP,Unclassified,,,,,,,,
645,STATVIEW,Unclassified,,,,,,,,
646,METABOANALYST,Unclassified,,,,,,,,
647,FIREDOCK,Unclassified,,,,,,,,
648,YAHOO,Unclassified,,,,,,,,
649,CE,Unclassified,,,,,,,,
650,LINKEDIN,Unclassified,,,,,,,,
651,BIGRU,Unclassified,,,,,,,,
652,TELEGRAM,Unclassified,,,,,,,,
653,CSOMAP,Unclassified,,,,,,,,
654,ITOL,Unclassified,,,,,,,,
655,XLSTAT,Unclassified,,,,,,,,
656,LAZYPIPE,Unclassified,,,,,,,,
657,GENSCRIPT,Unclassified,,,,,,,,
658,IMD,Unclassified,,,,,,,,
659,NGS,Unclassified,,,,,,,,
660,AMBER18,Unclassified,,,,,,,,
661,IMOD,Unclassified,,,,,,,,
662,TREETIME,Unclassified,,,,,,,,
663,GOOGLE DRIVE,Unclassified,,,,,,,,
664,SPOTIFY,Unclassified,,,,,,,,
665,BLUEDOT,Unclassified,,,,,,,,
666,GARD,Unclassified,,,,,,,,
667,VEGAN,Unclassified,,,,,,,,
668,PROPRED,Unclassified,,,,,,,,
669,HTSEQ,Unclassified,,,,,,,,
670,ARGUS,Unclassified,,,,,,,,
671,VIDISCA,Unclassified,,,,,,,,
672,DNAMAN,Unclassified,,,,,,,,
673,ANT,Unclassified,,,,,,,,
674,UBUNTU,Unclassified,,,,,,,,
675,DS,Unclassified,,,,,,,,
676,DEADEYE,Unclassified,,,,,,,,
677,LAMPA,Unclassified,,,,,,,,
678,EVENT,Unclassified,,,,,,,,
679,SN,Unclassified,,,,,,,,
680,SHINY,Unclassified,,,,,,,,
681,MEDLINE,Unclassified,,,,,,,,
682,CURE,Unclassified,,,,,,,,
683,LIME,Unclassified,,,,,,,,
684,RDKIT,Unclassified,,,,,,,,
685,COOPERA,Unclassified,,,,,,,,
686,JL,Unclassified,,,,,,,,
687,SCASOURCE,Unclassified,,,,,,,,
688,MUST,Unclassified,,,,,,,,
689,SOMASCAN,Unclassified,,,,,,,,
690,TOXINPRED,Unclassified,,,,,,,,
691,FASTV,Unclassified,,,,,,,,
692,COS,Unclassified,,,,,,,,
693,RODS,Unclassified,,,,,,,,
694,XDS,Unclassified,,,,,,,,
695,DBPEDIA,Unclassified,,,,,,,,
696,AMAZON,Unclassified,,,,,,,,
697,CAVA,Unclassified,,,,,,,,
698,INHERIT,Unclassified,,,,,,,,
699,COVID19,Unclassified,,,,,,,,
700,DIMENSIONS,Unclassified,,,,,,,,
701,MGCV,Unclassified,,,,,,,,
702,XLNET,Unclassified,,,,,,,,
703,NLTK,Unclassified,,,,,,,,
704,PUBCHEM,Unclassified,,,,,,,,
705,POCT,Unclassified,,,,,,,,
706,REACT,Unclassified,,,,,,,,
707,OLINK,Unclassified,,,,,,,,
708,WORLDOMETER,Unclassified,,,,,,,,
709,DISGENET,Unclassified,,,,,,,,
710,TRUSTZONE,Unclassified,,,,,,,,
711,PYROSS,Unclassified,,,,,,,,
712,MICE,Unclassified,,,,,,,,
713,FSQCA,Unclassified,,,,,,,,
714,INATURALIST,Unclassified,,,,,,,,
715,GEOSENTINEL,Unclassified,,,,,,,,
716,DOC2VEC,Unclassified,,,,,,,,
717,OPENBABEL,Unclassified,,,,,,,,
718,NG,Unclassified,,,,,,,,
719,SV,Unclassified,,,,,,,,
720,LOESS,Unclassified,,,,,,,,
721,JITSYNTH,Unclassified,,,,,,,,
722,ZENODO,Unclassified,,,,,,,,
723,CLARIVATE ANALYTICS,Unclassified,,,,,,,,
724,ALERT,Unclassified,,,,,,,,
725,LISA,Unclassified,,,,,,,,
726,DENSENET,Unclassified,,,,,,,,
727,MAN,Unclassified,,,,,,,,
728,COVIDSIM,Unclassified,,,,,,,,
729,MAPITOPE,Unclassified,,,,,,,,
730,REINIT,Unclassified,,,,,,,,
731,HOTKNOTS,Unclassified,,,,,,,,
732,SIMULINK,Unclassified,,,,,,,,
733,OF,Unclassified,,,,,,,,
734,COFFEE,Unclassified,,,,,,,,
735,SNAPGENE,Unclassified,,,,,,,,
736,ASMAN,Unclassified,,,,,,,,
737,CAN,Unclassified,,,,,,,,
738,CUTESV,Unclassified,,,,,,,,
739,MOTHUR,Unclassified,,,,,,,,
740,EPIDATA,Unclassified,,,,,,,,
741,GETIS,Unclassified,,,,,,,,
742,FLEX,Unclassified,,,,,,,,
743,MAXQDA,Unclassified,,,,,,,,
744,WEBGESTALT,Unclassified,,,,,,,,
745,TWDFOREST,Unclassified,,,,,,,,
746,LEARNCOIL,Unclassified,,,,,,,,
747,SEARUMS,Unclassified,,,,,,,,
748,TROPOMI,Unclassified,,,,,,,,
749,DISCERN,Unclassified,,,,,,,,
750,CROWDAQ,Unclassified,,,,,,,,
751,CNS,Unclassified,,,,,,,,
752,VOKI,Unclassified,,,,,,,,
753,GEOGEBRA,Unclassified,,,,,,,,
754,NCOUNTER,Unclassified,,,,,,,,
755,WIKIPATHWAYS,Unclassified,,,,,,,,
756,CUSTOM,Unclassified,,,,,,,,
757,ILLUMINA,Unclassified,,,,,,,,
758,BIAEVALUATION,Unclassified,,,,,,,,
759,IC,Unclassified,,,,,,,,
760,REACH,Unclassified,,,,,,,,
761,VERSO,Unclassified,,,,,,,,
762,VIRAL,Unclassified,,,,,,,,
763,MIDAS,Unclassified,,,,,,,,
764,PLATINUM,Unclassified,,,,,,,,
765,ELSO,Unclassified,,,,,,,,
766,MEDREC,Unclassified,,,,,,,,
767,COSMO,Unclassified,,,,,,,,
768,GTEX,Unclassified,,,,,,,,
769,DYNAMUT,Unclassified,,,,,,,,
770,MEGAHIT,Unclassified,,,,,,,,
771,AL,Unclassified,,,,,,,,
772,MIMIC,Unclassified,,,,,,,,
773,METACORE,Unclassified,,,,,,,,
774,PLPRO,Unclassified,,,,,,,,
775,GAIA,Unclassified,,,,,,,,
776,MOLREP,Unclassified,,,,,,,,
777,TREESOLVE,Unclassified,,,,,,,,
778,GUPPY,Unclassified,,,,,,,,
779,FEATURECOUNTS,Unclassified,,,,,,,,
780,DOTKNOT,Unclassified,,,,,,,,
781,INLA,Unclassified,,,,,,,,
782,VIRSTRAIN,Unclassified,,,,,,,,
783,FACEBOOK MESSENGER,Unclassified,,,,,,,,
784,ENDICHECK,Unclassified,,,,,,,,
785,HOMER,Unclassified,,,,,,,,
786,MCODE,Unclassified,,,,,,,,
787,GOOGLE DOCS,Unclassified,,,,,,,,
788,CELL,Unclassified,,,,,,,,
789,HF,Unclassified,,,,,,,,
790,BLAT,Unclassified,,,,,,,,
791,MERODE,Unclassified,,,,,,,,
792,PROSPERO,Unclassified,,,,,,,,
793,PROTÉGÉ,Unclassified,,,,,,,,
794,GUROBI,Unclassified,,,,,,,,
795,MARCO,Unclassified,,,,,,,,
796,MASSLYNX,Unclassified,,,,,,,,
797,CELLPROFILER,Unclassified,,,,,,,,
798,PROTINA,Unclassified,,,,,,,,
799,BLOCKCHAIN,Unclassified,,,,,,,,
800,INSIGHT,Unclassified,,,,,,,,
801,GLEAMVIZ,Unclassified,,,,,,,,
802,VGG,Unclassified,,,,,,,,
803,PROVEAN,Unclassified,,,,,,,,
804,ORACLE,Unclassified,,,,,,,,
805,UISS,Unclassified,,,,,,,,
806,AD,Unclassified,,,,,,,,
807,ESPRIPT,Unclassified,,,,,,,,
808,SEIQRA,Unclassified,,,,,,,,
809,MOTIONCOR2,Unclassified,,,,,,,,
810,DM,Unclassified,,,,,,,,
811,NANOSTRING,Unclassified,,,,,,,,
812,AZURE,Unclassified,,,,,,,,
813,LIWC,Unclassified,,,,,,,,
814,CHEXPERT,Unclassified,,,,,,,,
815,FEBRIDX,Unclassified,,,,,,,,
816,ADABOOST,Unclassified,,,,,,,,
817,DIVA,Unclassified,,,,,,,,
818,FIBERSTARS,Unclassified,,,,,,,,
819,GENSIM,Unclassified,,,,,,,,
820,MISEQ,Unclassified,,,,,,,,
821,YOLOV3,Unclassified,,,,,,,,
822,OPT,Unclassified,,,,,,,,
823,GOOGLE HANGOUTS,Unclassified,,,,,,,,
824,MOBILEVISFIXER,Unclassified,,,,,,,,
825,TRACK,Unclassified,,,,,,,,
826,VGGNET,Unclassified,,,,,,,,
827,SPHERE,Unclassified,,,,,,,,
828,LINE,Unclassified,,,,,,,,
829,VAMPIRE,Unclassified,,,,,,,,
830,MOLAICAL,Unclassified,,,,,,,,
831,VASH,Unclassified,,,,,,,,
832,METAMIX,Unclassified,,,,,,,,
833,MD,Unclassified,,,,,,,,
834,INF,Unclassified,,,,,,,,
835,ESMO,Unclassified,,,,,,,,
836,IM,Unclassified,,,,,,,,
837,CARETOY,Unclassified,,,,,,,,
838,MECHANICAL TURK,Unclassified,,,,,,,,
839,SGX,Unclassified,,,,,,,,
840,JPHMM,Unclassified,,,,,,,,
841,SNPEFF,Unclassified,,,,,,,,
842,ILINCS,Unclassified,,,,,,,,
843,STORM,Unclassified,,,,,,,,
844,CROSS,Unclassified,,,,,,,,
845,GRAM,Unclassified,,,,,,,,
846,LINEARTURBOFOLD,Unclassified,,,,,,,,
847,METAFOR,Unclassified,,,,,,,,
848,SOLIDARITY,Unclassified,,,,,,,,
849,BITCOIN,Unclassified,,,,,,,,
850,VIROCHIP,Unclassified,,,,,,,,
851,ROTEM,Unclassified,,,,,,,,
852,ECMONET,Unclassified,,,,,,,,
853,SWISSCOVID,Unclassified,,,,,,,,
854,SADIR,Unclassified,,,,,,,,
855,JASP,Unclassified,,,,,,,,
856,KAML,Unclassified,,,,,,,,
857,MUSIC,Unclassified,,,,,,,,
858,SAINT,Unclassified,,,,,,,,
859,FELUDA,Unclassified,,,,,,,,
860,ARCMAP,Unclassified,,,,,,,,
861,RIEMS,Unclassified,,,,,,,,
862,ADMETSAR,Unclassified,,,,,,,,
863,MOLINSPIRATION,Unclassified,,,,,,,,
864,CLUSTER,Unclassified,,,,,,,,
865,PBSA,Unclassified,,,,,,,,
866,PKCSM,Unclassified,,,,,,,,
867,NN,Unclassified,,,,,,,,
868,ORIGINPRO,Unclassified,,,,,,,,
869,CATCH,Unclassified,,,,,,,,
870,TRROSETTA,Unclassified,,,,,,,,
871,MATHDL,Unclassified,,,,,,,,
872,RUST,Unclassified,,,,,,,,
873,PHATE,Unclassified,,,,,,,,
874,SEAVIEW,Unclassified,,,,,,,,
875,GENV,Unclassified,,,,,,,,
876,KHOVID,Unclassified,,,,,,,,
877,SUPER,Unclassified,,,,,,,,
878,SAFE,Unclassified,,,,,,,,
879,DE,Unclassified,,,,,,,,
880,ANDROMEDA,Unclassified,,,,,,,,
881,CART,Unclassified,,,,,,,,
882,RAPID,Unclassified,,,,,,,,
883,MEDISYS,Unclassified,,,,,,,,
884,PCA,Unclassified,,,,,,,,
885,GENIE3,Unclassified,,,,,,,,
886,COVNET,Unclassified,,,,,,,,
